ms_uri_1,ms_uri_2
site__api-cdr-land-v1-docs-documents__02cb270829a842647ef7943fb0e883d20cbed395b0555c7ba04fdb7dd1ea2c0c71,site__api-cdr-land-v1-docs-documents__02cb270829a842647ef7943fb0e883d20cbed395b0555c7ba04fdb7dd1ea2c0c71
site__api-cdr-land-v1-docs-documents__02adfeb6379f10789007b296cd510ca40aad4e5c3bd433440559601c9bb1ff2f88,site__api-cdr-land-v1-docs-documents__02adfeb6379f10789007b296cd510ca40aad4e5c3bd433440559601c9bb1ff2f88
site__api-cdr-land-v1-docs-documents__02cc20e5effc376893e8e189f55362d51ca8c76cf5a7ebc4c23b8d6ee4d069b196,site__api-cdr-land-v1-docs-documents__02cc20e5effc376893e8e189f55362d51ca8c76cf5a7ebc4c23b8d6ee4d069b196
site__w3id-org-usgs-z__4530692-26emir7b,site__w3id-org-usgs-z__4530692-xkhfmug8
site__api-cdr-land-v1-docs-documents__0211abf6809d0e07697c0a93bbde2fed21616e3f65d9f439ef54e3c5ec07c96ddb,site__api-cdr-land-v1-docs-documents__0211abf6809d0e07697c0a93bbde2fed21616e3f65d9f439ef54e3c5ec07c96ddb
site__api-cdr-land-v1-docs-documents__0209d27cb5d764f6a7672bfbf00638f24942069b17be96452228422f996c8bd5f2,site__api-cdr-land-v1-docs-documents__0209d27cb5d764f6a7672bfbf00638f24942069b17be96452228422f996c8bd5f2
site__api-cdr-land-v1-docs-documents__026f12b605e4bf2de3422dc9d6c46137d4352830e62633c37eee997fb83d8a8ad7,site__api-cdr-land-v1-docs-documents__026f12b605e4bf2de3422dc9d6c46137d4352830e62633c37eee997fb83d8a8ad7
site__api-cdr-land-v1-docs-documents__02b8e0b4acda49419b5f38b833856a6f136d2f3de4d7bf8fa4b785c776446f7841,site__api-cdr-land-v1-docs-documents__02b8e0b4acda49419b5f38b833856a6f136d2f3de4d7bf8fa4b785c776446f7841
site__api-cdr-land-v1-docs-documents__020ad3e9246df19d58b68751eb9e1e49bf8631d31c70d9737647bfab306354fa0c,site__api-cdr-land-v1-docs-documents__020ad3e9246df19d58b68751eb9e1e49bf8631d31c70d9737647bfab306354fa0c
site__api-cdr-land-v1-docs-documents__02a2b93ee61f2863bcb417b27855cb63d63a3c53b73622174f7c5688b0d4dc159c,site__api-cdr-land-v1-docs-documents__02a2b93ee61f2863bcb417b27855cb63d63a3c53b73622174f7c5688b0d4dc159c
site__api-cdr-land-v1-docs-documents__0251eb6fae760fefdf746cb25b5372710ba02a78211bd07defe80ee7920afe3907,site__api-cdr-land-v1-docs-documents__0251eb6fae760fefdf746cb25b5372710ba02a78211bd07defe80ee7920afe3907
site__api-cdr-land-v1-docs-documents__022f34370dbbb08010387f8745d2dfb1bfe5a5b501a373df15bc8083879ffb54ad,site__api-cdr-land-v1-docs-documents__022f34370dbbb08010387f8745d2dfb1bfe5a5b501a373df15bc8083879ffb54ad
site__api-cdr-land-v1-docs-documents__027c91b134c20156d9b58e7e96e63664e9afff4bee9a0ad4cc03c75eea31389893,site__api-cdr-land-v1-docs-documents__027c91b134c20156d9b58e7e96e63664e9afff4bee9a0ad4cc03c75eea31389893
site__api-cdr-land-v1-docs-documents__02d2ee61c9e8155c5a72cbdb2d00178904c7bef61faf6ff177ac09297f5fd41694,site__api-cdr-land-v1-docs-documents__02d2ee61c9e8155c5a72cbdb2d00178904c7bef61faf6ff177ac09297f5fd41694
site__api-cdr-land-v1-docs-documents__02ebe866011fa88678dba091f8f499ffb0b0b8a40631dff9fc76e5b9f571a7ff2e,site__api-cdr-land-v1-docs-documents__02ebe866011fa88678dba091f8f499ffb0b0b8a40631dff9fc76e5b9f571a7ff2e
site__api-cdr-land-v1-docs-documents__02d9b24e989c69826b6887ac3bb6c183eb09fff59d73dfd769f8e5042e3afa59fe,site__api-cdr-land-v1-docs-documents__02d9b24e989c69826b6887ac3bb6c183eb09fff59d73dfd769f8e5042e3afa59fe
site__api-cdr-land-v1-docs-documents__02a2e7ff2d0997ba567e5683715906b81ee409c903dfd8fe826859f367b885c36d,site__api-cdr-land-v1-docs-documents__02a2e7ff2d0997ba567e5683715906b81ee409c903dfd8fe826859f367b885c36d
site__api-cdr-land-v1-docs-documents__021990473ff183b072d4b813de1c86278b60f7a05b6b8625ee7878f29ee9fb683a,site__api-cdr-land-v1-docs-documents__021990473ff183b072d4b813de1c86278b60f7a05b6b8625ee7878f29ee9fb683a
site__api-cdr-land-v1-docs-documents__02d80cfd94b92780c3f1ed4c0d7555a2ddc65879d8736adbe95386e862399b03ad,site__api-cdr-land-v1-docs-documents__02d80cfd94b92780c3f1ed4c0d7555a2ddc65879d8736adbe95386e862399b03ad
site__api-cdr-land-v1-docs-documents__025ef6b7a8184af5009c025c1247e763bb8f4d8215643db248dc057e89cf39f980,site__api-cdr-land-v1-docs-documents__025ef6b7a8184af5009c025c1247e763bb8f4d8215643db248dc057e89cf39f980
site__api-cdr-land-v1-docs-documents__0206221f1ea555c7c361ef2ceca56c5d021ebc89104e4dd91a72e1e4a919b99a20,site__api-cdr-land-v1-docs-documents__0206221f1ea555c7c361ef2ceca56c5d021ebc89104e4dd91a72e1e4a919b99a20
site__api-cdr-land-v1-docs-documents__0288c3374d30ed284766f1ebe53cd38498d4d6bbd0ff139d496069146c515e7606,site__api-cdr-land-v1-docs-documents__0288c3374d30ed284766f1ebe53cd38498d4d6bbd0ff139d496069146c515e7606
site__api-cdr-land-v1-docs-documents__02b5e2f9df7ec41e6ae9cea51727c0b1db7abf3276f6dce170c4465670b27e60a9,site__api-cdr-land-v1-docs-documents__02b5e2f9df7ec41e6ae9cea51727c0b1db7abf3276f6dce170c4465670b27e60a9
site__api-cdr-land-v1-docs-documents__023a9e77a67e3689e17aa48d8b22913b9216a6895b9d84039cf00ad91c660ee548,site__api-cdr-land-v1-docs-documents__023a9e77a67e3689e17aa48d8b22913b9216a6895b9d84039cf00ad91c660ee548
site__w3id-org-usgs-z__4530692-xdgvpkdm,site__w3id-org-usgs-z__4530692-xdgvpkdm
site__api-cdr-land-v1-docs-documents__020b5b69360acc6923cc362bd2a65c6e3501839070c920aefd57b5e65c0c18deeb,site__api-cdr-land-v1-docs-documents__020b5b69360acc6923cc362bd2a65c6e3501839070c920aefd57b5e65c0c18deeb
site__api-cdr-land-v1-docs-documents__02b123fa95ef696cc0b4479bfed0598084b8156002a74d54177f6e9633f2601486,site__api-cdr-land-v1-docs-documents__02b123fa95ef696cc0b4479bfed0598084b8156002a74d54177f6e9633f2601486
site__api-cdr-land-v1-docs-documents__0273860976e05483e67d0391536e2f81c415ac9370e54bb04cac566ceecf9ba2dd,site__api-cdr-land-v1-docs-documents__0273860976e05483e67d0391536e2f81c415ac9370e54bb04cac566ceecf9ba2dd
site__api-cdr-land-v1-docs-documents__029736300cc7c45b77ca6ee3b1264b52e54e635232ce06a219d0a4642d4a81097c,site__api-cdr-land-v1-docs-documents__029736300cc7c45b77ca6ee3b1264b52e54e635232ce06a219d0a4642d4a81097c
site__w3id-org-usgs-z__4530692-rwps34u2,site__w3id-org-usgs-z__4530692-rwps34u2
site__api-cdr-land-v1-docs-documents__025ed8f4e9b47bcd79bcf10a3dfe4673f28ea8cac4fffeda76e8f42ddf4b4e8cfb,site__api-cdr-land-v1-docs-documents__025ed8f4e9b47bcd79bcf10a3dfe4673f28ea8cac4fffeda76e8f42ddf4b4e8cfb
site__api-cdr-land-v1-docs-documents__02b6821f2c5c256f7825cbcb034fc067dfa04b6196fbe84de3daaee4f96aac6d67,site__api-cdr-land-v1-docs-documents__02b6821f2c5c256f7825cbcb034fc067dfa04b6196fbe84de3daaee4f96aac6d67
site__api-cdr-land-v1-docs-documents__026af38faecedd10d41e4bd6c93fb3880ea419625f3f1973ea2c0d98bf08fd7d85,site__api-cdr-land-v1-docs-documents__026af38faecedd10d41e4bd6c93fb3880ea419625f3f1973ea2c0d98bf08fd7d85
site__api-cdr-land-v1-docs-documents__02c7aaeba47f66bf9721bb652a3c859a9172da745d53a9407891e120f77dac0bd2,site__api-cdr-land-v1-docs-documents__02c7aaeba47f66bf9721bb652a3c859a9172da745d53a9407891e120f77dac0bd2
site__w3id-org-usgs-z__4530692-5atmevuv,site__w3id-org-usgs-z__4530692-5atmevuv
site__w3id-org-usgs-z__4530692-6h3ux4p6,site__w3id-org-usgs-z__4530692-6h3ux4p6
site__w3id-org-usgs-z__4530692-rq33ikdp,site__w3id-org-usgs-z__4530692-rq33ikdp
site__w3id-org-usgs-z__4530692-h2wq96an,site__w3id-org-usgs-z__4530692-h2wq96an
site__w3id-org-usgs-z__4530692-9pxbt6z9,site__w3id-org-usgs-z__4530692-9pxbt6z9
site__w3id-org-usgs-z__4530692-r49z8f3p,site__w3id-org-usgs-z__4530692-r49z8f3p
site__api-cdr-land-v1-docs-documents__02b1bc77a60905d55d8dc25976904ac69de5165d898f9c5e2317eb37b3a43a4768,site__api-cdr-land-v1-docs-documents__02b1bc77a60905d55d8dc25976904ac69de5165d898f9c5e2317eb37b3a43a4768
site__w3id-org-usgs-z__4530692-v6tb3xsj,site__w3id-org-usgs-z__4530692-v6tb3xsj
site__api-cdr-land-v1-docs-documents__02f5f3827def814df8f3a7c5d891c8438ee4553a45f942a0d8191fee1f4afbdcd6,site__api-cdr-land-v1-docs-documents__02f5f3827def814df8f3a7c5d891c8438ee4553a45f942a0d8191fee1f4afbdcd6
site__api-cdr-land-v1-docs-documents__023356787a783af898bb3891aa9620363c8423c480c270ac3bef41f50abade798e,site__api-cdr-land-v1-docs-documents__023356787a783af898bb3891aa9620363c8423c480c270ac3bef41f50abade798e
site__api-cdr-land-v1-docs-documents__024b24cdb57dc87bde750df0a4b285cfe27d5de0c91dcff4b54b627ad78867681f,site__api-cdr-land-v1-docs-documents__024b24cdb57dc87bde750df0a4b285cfe27d5de0c91dcff4b54b627ad78867681f
site__api-cdr-land-v1-docs-documents__02c5ad12df280d35210336c4fa8d353a2dc77b2b5b13ab95589eae3177554dca7b,site__api-cdr-land-v1-docs-documents__02c5ad12df280d35210336c4fa8d353a2dc77b2b5b13ab95589eae3177554dca7b
site__w3id-org-usgs-z__4530692-5gjt468j,site__w3id-org-usgs-z__4530692-5gjt468j
site__w3id-org-usgs-z__4530692-2p29bjhv,site__w3id-org-usgs-z__4530692-2p29bjhv
site__api-cdr-land-v1-docs-documents__02d68d7253a5ba5f137bfa8bc8343698b68c5582f8b4059a4c91e9434a1377289c,site__api-cdr-land-v1-docs-documents__02d68d7253a5ba5f137bfa8bc8343698b68c5582f8b4059a4c91e9434a1377289c
site__api-cdr-land-v1-docs-documents__0271aee06aa294a1b6462d9627407216783c1099acb25467a90c097d709242cfcf,site__api-cdr-land-v1-docs-documents__0271aee06aa294a1b6462d9627407216783c1099acb25467a90c097d709242cfcf
site__api-cdr-land-v1-docs-documents__02a6e0c79d410d92d5263ed4b6fe7f0b95c294210e4231b76c6d92fe76921ff0ed,site__api-cdr-land-v1-docs-documents__02a6e0c79d410d92d5263ed4b6fe7f0b95c294210e4231b76c6d92fe76921ff0ed
site__api-cdr-land-v1-docs-documents__020c93dc91e6ac395fb75dc1acfa4c14d3c6b3d64b31e6c2634294606b47838ef4,site__api-cdr-land-v1-docs-documents__020c93dc91e6ac395fb75dc1acfa4c14d3c6b3d64b31e6c2634294606b47838ef4
